quadratic_fill_L2,quadratic_fill_percentile_000,quadratic_fill_percentile_025,quadratic_fill_percentile_050,quadratic_fill_percentile_075,quadratic_fill_percentile_100,quadratic_regres_L2,quadratic_regres_percentile_000,quadratic_regres_percentile_025,quadratic_regres_percentile_050,quadratic_regres_percentile_075,quadratic_regres_percentile_100,quintic_interp_L2,quintic_interp_percentile_000,quintic_interp_percentile_025,quintic_interp_percentile_050,quintic_interp_percentile_075,quintic_interp_percentile_100
4.000000000000000000e+00,0.000000000000000000e+00,1.455876341418668451e-01,1.255853104638362527e-01,1.256652934263663146e-01,1.281397131973290859e-01,1.449696690744912975e-01,2.072428781381867591e-01,1.460322215062388185e-01,1.255853104638362527e-01,1.428058821925066169e-01,1.456843351432670075e-01,1.513552493845552183e-01,2.072428781381867591e-01,1.455876341418668451e-01,1.255853104638362527e-01,1.256652934263663146e-01,1.281397131973290859e-01,1.449696690744912975e-01,2.072428781381867591e-01
4.000000000000000000e+00,1.000000000000000000e+00,1.626359523505960525e-01,2.784872826479752872e-01,3.702541395760374221e-01,4.822964613079285812e-01,5.671649595534749011e-01,5.908628174163508273e-01,1.634373452373445168e-01,2.784872826479752872e-01,3.315795363257654227e-01,4.496636157874259188e-01,5.592231220177449336e-01,5.908628174163508273e-01,1.640212722381229893e-01,2.784872826479752872e-01,3.729812640696573700e-01,4.844356730792796495e-01,5.676571861195027768e-01,5.908628174163508273e-01
4.000000000000000000e+00,2.000000000000000000e+00,7.606088758742841904e-02,1.568677384749632697e-01,1.757166873803498175e-01,2.036193799925982706e-01,2.398105876701181471e-01,2.835250817713187432e-01,7.864888068264642984e-02,1.568677384749632697e-01,1.959679745221164504e-01,2.190443033094729430e-01,2.419451308780543597e-01,2.835250817713187432e-01,7.630222132568402482e-02,1.568677384749632697e-01,1.845324576533361460e-01,2.128736925030785265e-01,2.448762861628521748e-01,2.835250817713187432e-01
4.000000000000000000e+00,3.000000000000000000e+00,4.201098057684771736e-01,3.879712575556487630e-01,4.683535380318730179e-01,5.426594020886588154e-01,6.107242984682309528e-01,6.723836759128136720e-01,4.024020425315820715e-01,3.879712575556487630e-01,4.419176288424231935e-01,5.280085798153505428e-01,6.156759326783263209e-01,6.723836759128136720e-01,4.111061436359541021e-01,3.879712575556487630e-01,4.720616293561703536e-01,5.471556365902322527e-01,6.137605588962936620e-01,6.723836759128136720e-01
4.000000000000000000e+00,4.000000000000000000e+00,1.297553906667736623e-01,2.250545048398319148e-01,2.591413937380707688e-01,2.929311771457102642e-01,3.276417744950459454e-01,3.615647630625781206e-01,1.363192765209850499e-01,2.250545048398319148e-01,2.594062898301200959e-01,2.933573209721654917e-01,3.272642572920118065e-01,3.615647630625781206e-01,1.293385430907944555e-01,2.250545048398319148e-01,2.921171128051351928e-01,3.327066650279049131e-01,3.536441763312632158e-01,3.615647630625781206e-01
4.000000000000000000e+00,5.000000000000000000e+00,6.962718418222053895e-02,2.834878624322098029e-01,3.308829463096260581e-01,3.742406102597657380e-01,4.166948392452374805e-01,4.576863993229779437e-01,6.947847562728000359e-02,2.834878624322098029e-01,3.146623156937196630e-01,3.671596109715959400e-01,4.221931233763752678e-01,4.576863993229779437e-01,6.827093851292220794e-02,2.834878624322098029e-01,3.355233437127698171e-01,3.810237794793699950e-01,4.216891191602952782e-01,4.576863993229779437e-01
4.000000000000000000e+00,6.000000000000000000e+00,5.739580614672763065e-02,8.722936878080467249e-02,1.686652144317425106e-01,2.694108050781294228e-01,3.445866748489631037e-01,3.621762123878333739e-01,5.736490850582408318e-02,8.722936878080467249e-02,1.342744678204762232e-01,2.404088140787186689e-01,3.375285640146841182e-01,3.621762123878333739e-01,5.786264236958829632e-02,8.722936878080467249e-02,1.682919350088698252e-01,2.656598596198739282e-01,3.396741456991675401e-01,3.621762123878333739e-01
4.000000000000000000e+00,7.000000000000000000e+00,2.046515629900242869e-02,3.398486639568178980e-01,3.484952090358383048e-01,3.570032234902469348e-01,3.653718232259687282e-01,3.736001241489282920e-01,1.950773609465733874e-02,3.398486639568178980e-01,3.466005621476787035e-01,3.563488776900303190e-01,3.663209950417885552e-01,3.736001241489282920e-01,2.039065751691929163e-02,3.398486639568178980e-01,3.485242392125895705e-01,3.570403302759510011e-01,3.653984532277734232e-01,3.736001241489282920e-01
4.000000000000000000e+00,8.000000000000000000e+00,1.602484740043277067e-01,2.305842043550739850e-01,3.730854903341767059e-01,4.908562038160858565e-01,5.858299657327913357e-01,6.504768582137395727e-01,1.569230141541203827e-01,2.305842043550739850e-01,3.132609162322622653e-01,3.929578674176286146e-01,5.169813830028089363e-01,6.504768582137395727e-01,1.646359336372549831e-01,2.305842043550739850e-01,4.344428056998918541e-01,5.568272017108235605e-01,6.210632625085468206e-01,6.504768582137395727e-01
4.000000000000000000e+00,9.000000000000000000e+00,8.364032720964394499e-03,7.256213782223341902e-02,7.258911520294604458e-02,7.342370999779374019e-02,7.910027051409240784e-02,1.001043445814446819e-01,8.782110867229962411e-03,7.256213782223341902e-02,8.126831748464984073e-02,8.322061179520429119e-02,8.592724618009900395e-02,1.001043445814446819e-01,8.385213224638041543e-03,7.256213782223341902e-02,7.258911520294604458e-02,7.342370999779374019e-02,7.910027051409240784e-02,1.001043445814446819e-01
4.000000000000000000e+00,1.000000000000000000e+01,3.414106448823298057e-01,2.638866709525133913e-01,3.492267718023958079e-01,4.500698110483526415e-01,5.238861377176240453e-01,5.410196733597711916e-01,3.405749173503804239e-01,2.638866709525133913e-01,3.149553984653640781e-01,4.213327241177169946e-01,5.169141527854228535e-01,5.410196733597711916e-01,3.552324479628603537e-01,2.638866709525133913e-01,3.483508934988497341e-01,4.374939751974561419e-01,5.072070416023607420e-01,5.410196733597711916e-01
4.000000000000000000e+00,1.100000000000000000e+01,2.582840867048525890e-01,6.603259063996125278e-01,6.706172377360271053e-01,6.989494732436654090e-01,7.271054015325451036e-01,7.447523234243592638e-01,2.594144968999212431e-01,6.603259063996125278e-01,6.856784904599665387e-01,7.001842029890779084e-01,7.153005576362998497e-01,7.447523234243592638e-01,2.564073785399914041e-01,6.603259063996125278e-01,6.697136774731956566e-01,6.867735092644053907e-01,7.083793363571164736e-01,7.447523234243592638e-01
4.000000000000000000e+00,1.200000000000000000e+01,2.116165603101606008e-01,1.920722963936031258e-01,3.568816942068511189e-01,4.820588203302518249e-01,6.083367637790100257e-01,7.256696239328208620e-01,2.082466172041906038e-01,1.920722963936031258e-01,2.923164369412752928e-01,4.269837849086293158e-01,5.920506750874203750e-01,7.256696239328208620e-01,2.187236281682297390e-01,1.920722963936031258e-01,4.274493744222355174e-01,5.831189419695579357e-01,6.772600805465975871e-01,7.256696239328208620e-01
4.000000000000000000e+00,1.300000000000000000e+01,3.561221732410451701e-01,4.552793614808863243e-01,4.553085649125327983e-01,4.562120266793922019e-01,4.623569911883971262e-01,4.850942260540881401e-01,3.477864763115573465e-01,4.552793614808863243e-01,4.637043982478091797e-01,4.659638021015989340e-01,4.673508330063784744e-01,4.850942260540881401e-01,3.561221732410451701e-01,4.552793614808863243e-01,4.553085649125327983e-01,4.562120266793922019e-01,4.623569911883971262e-01,4.850942260540881401e-01
4.000000000000000000e+00,1.400000000000000000e+01,2.455379180654600757e-01,4.910892439787362118e-02,4.920121549020328722e-02,5.205640985060756148e-02,7.147623330587744850e-02,1.433323174713213577e-01,2.365213411774512442e-01,4.910892439787362118e-02,7.538990087478168733e-02,8.154663653174852589e-02,9.616213021277959794e-02,1.433323174713213577e-01,2.455379180654600757e-01,4.910892439787362118e-02,4.920121549020328722e-02,5.205640985060756148e-02,7.147623330587744850e-02,1.433323174713213577e-01
4.000000000000000000e+00,1.500000000000000000e+01,1.282754041197620432e-01,2.747805054956392601e-01,2.911395485902981140e-01,3.278952872683842390e-01,3.782786477299863725e-01,4.355205561751928078e-01,1.342113276185651904e-01,2.747805054956392601e-01,3.274191499555288987e-01,3.521543497757551044e-01,3.768484703076120379e-01,4.355205561751928078e-01,1.381604634148460853e-01,2.747805054956392601e-01,3.755193160620498016e-01,4.166549391412299741e-01,4.285933586247701599e-01,4.355205561751928078e-01
4.000000000000000000e+00,1.600000000000000000e+01,5.392462718822083056e-01,1.700335442371346817e-01,1.761240279466633751e-01,1.926638004006064053e-01,2.204663268957586797e-01,2.603450727289151612e-01,4.780743319646538758e-01,1.700335442371346817e-01,1.923152343012702048e-01,2.117817098751485216e-01,2.332317253018704739e-01,2.603450727289151612e-01,5.392529544049481371e-01,1.700335442371346817e-01,1.757857772865896173e-01,1.927357011019030231e-01,2.208139897948594166e-01,2.603450727289151612e-01
4.000000000000000000e+00,1.700000000000000000e+01,2.469131189014918681e-01,1.580336547014939974e-01,1.737559380293892397e-01,2.001563210787221103e-01,2.387050687214364308e-01,2.908724458294760229e-01,2.459298786995136599e-01,1.580336547014939974e-01,2.022476136438527694e-01,2.236075372574374831e-01,2.448561866032668011e-01,2.908724458294760229e-01,2.521598020339240742e-01,1.580336547014939974e-01,1.713061411457416638e-01,1.972828769211082411e-01,2.324848365736043032e-01,2.908724458294760229e-01
4.000000000000000000e+00,1.800000000000000000e+01,5.410616250798955251e-02,1.394671241824603225e-01,1.396379006232045250e-01,1.449211833127309612e-01,1.808558357895449220e-01,3.138191152332220346e-01,5.775149704492373026e-02,1.394671241824603225e-01,1.871014107594421993e-01,1.965567518644354417e-01,2.173344486124740293e-01,3.138191152332220346e-01,5.475595539012147878e-02,1.394671241824603225e-01,1.396379006232045250e-01,1.449211833127309612e-01,1.808558357895449220e-01,3.138191152332220346e-01
4.000000000000000000e+00,1.900000000000000000e+01,4.074238646724569202e-02,2.049397689077790963e-01,2.086300088868218161e-01,2.227550446211890578e-01,2.368800803555562995e-01,2.405703203345990193e-01,3.885535807491846683e-02,2.049397689077790963e-01,2.086300088868218161e-01,2.227550446211890578e-01,2.368800803555562995e-01,2.405703203345990193e-01,4.186118732636369411e-02,2.049397689077790963e-01,2.292942802876339337e-01,2.383420475723921905e-01,2.404308862912400979e-01,2.405703203345990193e-01
4.000000000000000000e+00,2.000000000000000000e+01,1.555133365213465513e-01,9.213159180059160569e-02,1.296062131020989383e-01,2.100789680562171191e-01,2.726276693838659559e-01,2.870497646811328574e-01,1.515808038694106685e-01,9.213159180059160569e-02,1.594371215941323694e-01,1.790810299100953906e-01,2.028131178550162672e-01,2.870497646811328574e-01,1.586055357418752199e-01,9.213159180059160569e-02,9.388785995760538794e-02,1.015680186292360204e-01,1.415953049913591943e-01,2.870497646811328574e-01
4.000000000000000000e+00,2.100000000000000000e+01,6.692561119807301229e-02,9.556681500661357020e-02,1.490424685502390045e-01,2.064984448916041271e-01,2.538525555528256539e-01,2.792945968468563134e-01,6.155347537243033296e-02,9.556681500661357020e-02,1.308222215008484068e-01,1.931866856243559805e-01,2.526853886123614501e-01,2.792945968468563134e-01,6.284267468906758192e-02,9.556681500661357020e-02,1.722587572556119329e-01,2.313649461054665402e-01,2.672605943147757790e-01,2.792945968468563134e-01
4.000000000000000000e+00,2.200000000000000000e+01,3.367470872807746263e-01,3.430938643919614339e-01,4.620245534832795875e-01,5.691320510144191047e-01,6.652038159659341421e-01,7.510273073183793002e-01,3.271296942188744450e-01,3.430938643919614339e-01,4.372208511425382804e-01,5.489625168580516412e-01,6.605575778619772187e-01,7.510273073183793002e-01,3.346479180055628166e-01,3.430938643919614339e-01,4.500098203092775528e-01,5.561514916406542497e-01,6.577477100792890052e-01,7.510273073183793002e-01
4.000000000000000000e+00,2.300000000000000000e+01,1.774735200328233786e-01,1.562624236712735204e-01,1.986029132938725572e-01,2.507695476234058085e-01,2.913022755258510288e-01,3.046864329483920386e-01,1.872078094141522153e-01,1.562624236712735204e-01,1.807782340740142213e-01,2.357009692942035606e-01,2.876353872578471527e-01,3.046864329483920386e-01,1.944928650107749790e-01,1.562624236712735204e-01,1.991817731412814652e-01,2.520965755637662453e-01,2.926223872561406480e-01,3.046864329483920386e-01
4.000000000000000000e+00,2.400000000000000000e+01,1.733982751649367215e-01,6.227948040577591104e-02,1.874675989083914307e-01,3.014621405684342337e-01,3.971650785546068096e-01,4.458101787129588045e-01,1.739903080002380975e-01,6.227948040577591104e-02,1.530387763636477660e-01,2.646767775785728860e-01,3.767317167625071628e-01,4.458101787129588045e-01,1.914947287243986829e-01,6.227948040577591104e-02,3.244337941168736750e-01,4.218248353970323050e-01,4.443092971976371208e-01,4.458101787129588045e-01
4.000000000000000000e+00,2.500000000000000000e+01,1.492402955958074540e-01,1.837723180124427591e-01,2.135030150430879126e-01,2.635122257150539493e-01,3.367976740742321673e-01,4.363570841665139755e-01,1.416378928215853150e-01,1.837723180124427591e-01,2.335436264305448262e-01,2.998546032031426112e-01,3.720938219354591459e-01,4.363570841665139755e-01,1.492399560612774623e-01,1.837723180124427591e-01,2.115271385856012654e-01,2.630563496447627658e-01,3.380897364262820948e-01,4.363570841665139755e-01
4.000000000000000000e+00,2.600000000000000000e+01,2.365131263327898206e-02,1.530893007265161643e-01,1.603633701556478608e-01,1.882061368061264672e-01,2.160489034566051014e-01,2.233229728857367702e-01,2.372277496320124995e-02,1.530893007265161643e-01,1.603633701556478608e-01,1.882061368061264672e-01,2.160489034566051014e-01,2.233229728857367702e-01,2.326926971547729414e-02,1.530893007265161643e-01,2.010960449208592793e-01,2.189306810913315693e-01,2.230481254725774076e-01,2.233229728857367702e-01
4.000000000000000000e+00,2.700000000000000000e+01,2.042088253991076741e-01,1.625206848665192716e-01,2.538079943982368691e-01,3.627907157470221522e-01,4.429159320729427196e-01,4.615481516478054935e-01,1.991293326244026052e-01,1.625206848665192716e-01,2.180136201585630151e-01,3.327435711823211184e-01,4.356217342906236190e-01,4.615481516478054935e-01,2.059540814826612276e-01,1.625206848665192716e-01,2.515084946849280301e-01,3.450728586096366568e-01,4.203543980641478717e-01,4.615481516478054935e-01
4.000000000000000000e+00,2.800000000000000000e+01,8.637219231539659814e-02,1.342181696990331075e-01,2.048343578117921837e-01,2.715006819842560315e-01,3.289662856417100434e-01,3.719803122094397230e-01,8.561948746237443841e-02,1.342181696990331075e-01,1.923305647402965002e-01,2.541652026483474103e-01,3.156963685797690156e-01,3.719803122094397230e-01,9.361351944116154400e-02,1.342181696990331075e-01,2.668847151558992326e-01,3.354186716557460701e-01,3.627929128048381080e-01,3.719803122094397230e-01
4.000000000000000000e+00,2.900000000000000000e+01,3.211888036321982609e-01,1.452899588535638831e-01,1.787337195000472112e-01,2.115896362749079551e-01,2.438613403809193614e-01,2.755524630208545656e-01,3.247604217084076872e-01,1.452899588535638831e-01,1.726802370163155187e-01,2.093292714681991296e-01,2.466625725859727947e-01,2.755524630208545656e-01,3.619018043645936267e-01,1.452899588535638831e-01,1.786748061788653030e-01,2.115175225850253193e-01,2.438120831672772881e-01,2.755524630208545656e-01
4.000000000000000000e+00,3.000000000000000000e+01,1.234623914544096673e-02,4.266434167159438573e-03,1.019830543589257676e-02,3.290357504392960042e-02,5.560884465196662407e-02,6.154071592069976226e-02,1.524521704695784227e-02,4.266434167159438573e-03,1.019830543589257676e-02,3.290357504392960042e-02,5.560884465196662407e-02,6.154071592069976226e-02,1.248322308892797772e-02,4.266434167159438573e-03,4.341506058133404872e-02,5.795888187952610848e-02,6.131658285608033998e-02,6.154071592069976226e-02
4.000000000000000000e+00,3.100000000000000000e+01,2.902203450421616537e-01,4.656930714437367280e-01,5.144163934223655588e-01,5.653391713536668473e-01,6.089519738736228760e-01,6.326557741861389417e-01,2.817243250637639362e-01,4.656930714437367280e-01,5.017624094165734627e-01,5.573591650501087402e-01,6.089286377009381912e-01,6.326557741861389417e-01,2.850079139196844968e-01,4.656930714437367280e-01,5.798169028501281019e-01,6.222142169290350022e-01,6.320023943252822685e-01,6.326557741861389417e-01
4.000000000000000000e+00,3.200000000000000000e+01,2.581729675000979385e-01,4.459141099108685502e-01,4.486849442184102088e-01,4.519988805063760440e-01,4.558840299911814942e-01,4.603685038892418868e-01,2.576605592351232654e-01,4.459141099108685502e-01,4.518304430172088715e-01,4.535047294546296071e-01,4.549346371005074663e-01,4.603685038892418868e-01,2.595284734620059153e-01,4.459141099108685502e-01,4.470186082930411864e-01,4.498911392743417670e-01,4.543887540684989901e-01,4.603685038892418868e-01
4.000000000000000000e+00,3.300000000000000000e+01,2.075565069514391514e-01,2.203363315483126694e-01,2.203672776010931200e-01,2.213246505516688334e-01,2.278362961120777574e-01,2.519303025546189012e-01,1.866961541919548440e-01,2.203363315483126694e-01,2.311693003360837106e-01,2.337624554476420147e-01,2.350124037569777946e-01,2.519303025546189012e-01,1.915151368146028599e-01,2.203363315483126694e-01,2.203672776010931200e-01,2.213246505516688334e-01,2.278362961120777574e-01,2.519303025546189012e-01
4.000000000000000000e+00,3.400000000000000000e+01,1.825083989038652210e-01,4.175619104085894762e-01,4.260879888345147082e-01,4.394951933756558460e-01,4.568181871919588244e-01,4.770916334433693562e-01,1.895963525078163125e-01,4.175619104085894762e-01,4.368432873646599934e-01,4.469905660285559135e-01,4.566750583763252713e-01,4.770916334433693562e-01,1.819286694811714233e-01,4.175619104085894762e-01,4.321043049989288232e-01,4.450080600193143665e-01,4.590711709930324069e-01,4.770916334433693562e-01
4.000000000000000000e+00,3.500000000000000000e+01,3.438923733250132120e-01,2.501889423893600695e-01,4.732693940723939896e-01,6.527943213494460384e-01,7.841205953637546688e-01,8.626050872585581120e-01,3.399780256816826718e-01,2.501889423893600695e-01,4.066655748034826989e-01,6.350736571101849304e-01,8.183520681581029077e-01,8.626050872585581120e-01,3.568346709499171654e-01,2.501889423893600695e-01,5.187745193220087980e-01,6.968879880248006753e-01,8.047559701271717048e-01,8.626050872585581120e-01
4.000000000000000000e+00,3.600000000000000000e+01,2.820106861660710840e-02,7.291709358215725523e-02,7.870509102866461715e-02,9.996749029260504349e-02,1.209759303693343502e-01,1.264373052287192101e-01,3.131075281983444758e-02,7.291709358215725523e-02,8.973424329486352768e-02,9.315137329394396204e-02,9.680524712041244095e-02,1.264373052287192101e-01,2.719260181356032702e-02,7.291709358215725523e-02,9.105949904557739116e-02,9.335967812210543837e-02,9.825206284355099406e-02,1.264373052287192101e-01
4.000000000000000000e+00,3.700000000000000000e+01,1.148490031486849167e-01,8.408068107668131841e-02,2.523156816109884959e-01,3.932268263725235968e-01,5.030825389109327972e-01,5.769748953814478609e-01,1.181394341914838719e-01,8.408068107668131841e-02,1.832846908452846757e-01,2.958917102995665127e-01,4.417352246476497490e-01,5.769748953814478609e-01,1.123000854588296765e-01,8.408068107668131841e-02,2.956409154964196873e-01,4.379360372358159781e-01,5.265270344718364637e-01,5.769748953814478609e-01
4.000000000000000000e+00,3.800000000000000000e+01,1.070095564303789881e-01,8.949499139510885826e-02,2.011634372359766554e-01,3.330684184280794380e-01,4.296058641777027454e-01,4.520116163715752755e-01,1.068316874560895358e-01,8.949499139510885826e-02,1.544219309314726618e-01,2.938848298958944838e-01,4.201007374503699654e-01,4.520116163715752755e-01,9.554971128132126734e-02,8.949499139510885826e-02,2.015734438911927495e-01,3.267568987046554074e-01,4.204425435440526382e-01,4.520116163715752755e-01
4.000000000000000000e+00,3.900000000000000000e+01,1.017455902712022797e-01,2.097064361616212125e-01,2.097132248529106346e-01,2.099232454799803693e-01,2.113517168850172767e-01,2.166372624382342238e-01,9.986000828643371019e-02,2.097064361616212125e-01,2.104242586816090776e-01,2.131718492999277181e-01,2.159194399182463586e-01,2.166372624382342238e-01,1.017455902712022797e-01,2.097064361616212125e-01,2.097132248529106346e-01,2.099232454799803693e-01,2.113517168850172767e-01,2.166372624382342238e-01
4.000000000000000000e+00,4.000000000000000000e+01,1.687086594600913092e-01,2.703919968833126131e-01,3.549303749544214237e-01,4.406294385381988588e-01,5.113435692707184455e-01,5.527572624173823224e-01,1.674633623552408690e-01,2.703919968833126131e-01,3.212691595296653380e-01,4.125069752849933602e-01,5.044565767347306551e-01,5.527572624173823224e-01,1.696645214485944797e-01,2.703919968833126131e-01,3.668314364785152937e-01,4.497499822439133821e-01,5.133064105027768109e-01,5.527572624173823224e-01
4.000000000000000000e+00,4.100000000000000000e+01,2.050540254211113966e-01,4.905633250513163901e-02,7.922762616244907741e-02,1.551577453738330337e-01,2.338911302709933693e-01,3.028198379176134658e-01,2.069657490078693762e-01,4.905633250513163901e-02,1.306671721271552289e-01,1.690311548136143038e-01,2.089500847006006967e-01,3.028198379176134658e-01,2.081979278770156594e-01,4.905633250513163901e-02,8.281563818306836300e-02,1.334203149895186735e-01,1.889319218318380456e-01,3.028198379176134658e-01
4.000000000000000000e+00,4.200000000000000000e+01,1.687010261084701535e-01,3.464017029002705028e-01,3.675745173531201893e-01,4.486171493884518746e-01,5.296597814237835600e-01,5.508325958766332464e-01,1.692954493478108779e-01,3.464017029002705028e-01,3.675745173531201893e-01,4.486171493884518746e-01,5.296597814237835600e-01,5.508325958766332464e-01,1.971273754821451785e-01,3.464017029002705028e-01,4.861361249064100054e-01,5.380478431200436118e-01,5.500325906885656924e-01,5.508325958766332464e-01
4.000000000000000000e+00,4.300000000000000000e+01,1.196471747022853777e-01,4.161564153096219965e-02,5.963585568597012943e-02,7.574602897936445756e-02,9.868566519315163932e-02,1.206750670689071825e-01,1.747875992367768083e-01,4.161564153096219965e-02,4.980379021677429352e-02,8.114535429993469107e-02,1.124869183830950886e-01,1.206750670689071825e-01,1.017426795750256546e-01,4.161564153096219965e-02,9.565504316366703341e-02,1.157308279968922715e-01,1.203656815857487850e-01,1.206750670689071825e-01
4.000000000000000000e+00,4.400000000000000000e+01,1.433061614065667122e-01,6.694218381516292560e-03,7.072084681186244746e-03,1.876207231239381337e-02,9.827241988824009233e-02,3.924719135444666440e-01,1.192613783545239808e-01,6.694218381516292560e-03,9.894997056791211831e-02,1.159685598597858386e-01,1.754158762413240702e-01,3.924719135444666440e-01,1.484273880794193257e-01,6.694218381516292560e-03,7.072084681186244746e-03,1.876207231239381337e-02,9.827241988824009233e-02,3.924719135444666440e-01
4.000000000000000000e+00,4.500000000000000000e+01,8.394741605915288785e-02,2.031076567411752576e-01,2.261225371110190951e-01,2.534202073631774410e-01,2.901628830596661990e-01,3.280657438021117311e-01,8.687006757497316156e-02,2.031076567411752576e-01,2.388096257685322077e-01,2.634055103060169434e-01,2.889899924921771612e-01,3.280657438021117311e-01,9.217697608022146216e-02,2.031076567411752576e-01,2.885201196827314463e-01,3.202510822079113195e-01,3.275767417903105994e-01,3.280657438021117311e-01
4.000000000000000000e+00,4.600000000000000000e+01,2.005223213084848799e-01,1.699900179978242054e-01,3.294785449187284665e-01,4.576341746496422891e-01,5.502952873685114099e-01,6.033002632532815657e-01,1.894495252946289399e-01,1.699900179978242054e-01,2.691309526151149933e-01,3.933501902209741719e-01,5.162026708477275294e-01,6.033002632532815657e-01,2.014238956497794442e-01,1.699900179978242054e-01,3.550013709714394672e-01,4.802506144534867127e-01,5.586971210215671002e-01,6.033002632532815657e-01
4.000000000000000000e+00,4.700000000000000000e+01,3.397804635384590322e-01,1.308280995218158438e-02,5.308553558976028541e-02,1.038450012426866409e-01,1.424904357121103415e-01,1.524632609580753861e-01,3.281209989886411105e-01,1.308280995218158438e-02,3.615965632408774111e-02,9.008889497779939970e-02,1.398118973620988970e-01,1.524632609580753861e-01,3.470146701623107455e-01,1.308280995218158438e-02,5.314906046496606362e-02,1.040896281813442070e-01,1.427756385461314004e-01,1.524632609580753861e-01
4.000000000000000000e+00,4.800000000000000000e+01,4.263430783463977303e-01,4.123827669322210898e-01,5.274749021020680440e-01,6.327914554084470566e-01,7.009086464528103688e-01,7.158819787418663205e-01,4.237201280279517257e-01,4.123827669322210898e-01,4.778841768592216321e-01,5.928603053081200613e-01,6.914398544359782184e-01,7.158819787418663205e-01,3.698817829033442250e-01,4.123827669322210898e-01,5.332372143706737289e-01,6.333219021111360370e-01,6.964977679911075192e-01,7.158819787418663205e-01
4.000000000000000000e+00,4.900000000000000000e+01,3.245907099693958603e-02,2.096510681816579069e-01,2.097237593600374816e-01,2.119725944027426312e-01,2.272682184467657851e-01,2.838641834513837559e-01,3.554172907611612142e-02,2.096510681816579069e-01,2.328432267021423030e-01,2.377472737797197699e-01,2.442294659823107394e-01,2.838641834513837559e-01,3.727102015918166283e-02,2.096510681816579069e-01,2.561542487276184388e-01,2.685395139015729349e-01,2.812069231776118672e-01,2.838641834513837559e-01
4.000000000000000000e+00,5.000000000000000000e+01,3.952021056333653026e-02,3.627879225706401867e-01,3.691271568691824045e-01,3.934075751549256372e-01,4.177267807563464497e-01,4.241159002885487306e-01,4.001405263746530411e-02,3.627879225706401867e-01,3.691396332836581196e-01,3.934519114295944586e-01,4.177641895755307977e-01,4.241159002885487306e-01,4.129312282420943836e-02,3.627879225706401867e-01,4.047073673005920913e-01,4.202805551468741241e-01,4.238759037810067576e-01,4.241159002885487306e-01
4.000000000000000000e+00,5.100000000000000000e+01,1.265999831281643395e-01,3.051113868746360147e-01,3.718839673275768920e-01,4.318032146233559132e-01,4.838392650551895380e-01,5.269622549162938929e-01,1.252142083784243964e-01,3.051113868746360147e-01,3.546349522774826513e-01,4.169530666214782411e-01,4.792530161636442965e-01,5.269622549162938929e-01,1.278954385211599487e-01,3.051113868746360147e-01,3.885361597304361481e-01,4.502274317660723280e-01,4.948233983664049873e-01,5.269622549162938929e-01
4.000000000000000000e+00,5.200000000000000000e+01,1.025058636056362105e-01,1.448967549852275827e-01,1.449088398913478404e-01,1.452827086464958395e-01,1.478256056629314585e-01,1.572346830656135008e-01,9.246894099938829381e-02,1.448967549852275827e-01,1.461745885757154140e-01,1.510657190254205418e-01,1.559568494751256695e-01,1.572346830656135008e-01,1.049125612040891359e-01,1.448967549852275827e-01,1.449088398913478404e-01,1.452827086464958395e-01,1.478256056629314585e-01,1.572346830656135008e-01
4.000000000000000000e+00,5.300000000000000000e+01,1.371590570635854989e-01,6.104807517854138332e-02,6.116239846088315085e-02,6.469919906390486641e-02,8.875501966220872285e-02,1.777649467381147153e-01,1.318304240976197472e-01,6.104807517854138332e-02,1.008417312744840505e-01,1.076094023189383131e-01,1.182607204871629347e-01,1.777649467381147153e-01,1.371590570635854989e-01,6.104807517854138332e-02,6.116239846088315085e-02,6.469919906390486641e-02,8.875501966220872285e-02,1.777649467381147153e-01
4.000000000000000000e+00,5.400000000000000000e+01,1.512336579142750381e-01,3.915017585897105912e-01,3.995511451250564616e-01,4.139945015347031299e-01,4.343449121117137768e-01,4.476774122132567424e-01,1.576445985004255590e-01,3.915017585897105912e-01,3.973198454435229454e-01,4.195895854014836668e-01,4.418593253594443326e-01,4.476774122132567424e-01,1.532005865327391858e-01,3.915017585897105912e-01,4.298994409341835299e-01,4.441642844659749456e-01,4.474575784411315427e-01,4.476774122132567424e-01
4.000000000000000000e+00,5.500000000000000000e+01,3.090111599822173982e-01,1.471478374860080152e-02,1.292133504503311103e-01,3.553730102691404769e-01,5.211565693460452620e-01,5.580040833678161505e-01,2.779504681848918302e-01,1.471478374860080152e-02,1.487187820736072252e-01,2.561769129185799687e-01,3.801311577132078234e-01,5.580040833678161505e-01,2.723043523309616187e-01,1.471478374860080152e-02,8.719932264922319876e-02,1.851904594218610756e-01,2.904471684953494615e-01,5.580040833678161505e-01
4.000000000000000000e+00,5.600000000000000000e+01,2.428418027606607243e-01,1.078510971498630733e-01,2.279949292715650055e-01,3.703089084833094957e-01,4.745899352353326606e-01,4.988052183799990269e-01,2.421584322887718743e-01,1.078510971498630733e-01,1.811018063039506187e-01,3.309754305720715717e-01,4.650454254725929770e-01,4.988052183799990269e-01,2.665716140278856505e-01,1.078510971498630733e-01,2.263217604467094857e-01,3.485236183474056393e-01,4.458417029829827571e-01,4.988052183799990269e-01
4.000000000000000000e+00,5.700000000000000000e+01,3.851030202042302064e-01,1.727417994963531545e-01,1.727428344717607811e-01,1.727748533359047545e-01,1.729926320964463304e-01,1.737984442081252912e-01,3.650948378980955478e-01,1.727417994963531545e-01,1.728512357077750805e-01,1.732701218522392228e-01,1.736890079967033651e-01,1.737984442081252912e-01,3.851030202042302064e-01,1.727417994963531545e-01,1.727428344717607811e-01,1.727748533359047545e-01,1.729926320964463304e-01,1.737984442081252912e-01
4.000000000000000000e+00,5.800000000000000000e+01,1.765452612031341573e-01,3.797212500256670342e-01,3.911490753595910363e-01,4.348910656161858457e-01,4.786330558727806550e-01,4.900608812067046571e-01,1.716021583312334620e-01,3.797212500256670342e-01,4.151432673329367162e-01,4.398737601717463974e-01,4.640119795612270837e-01,4.900608812067046571e-01,1.787731694599537791e-01,3.797212500256670342e-01,4.551415759997634591e-01,4.831604324371248094e-01,4.896290860112275101e-01,4.900608812067046571e-01
4.000000000000000000e+00,5.900000000000000000e+01,4.841169733744703219e-02,1.284090766353647162e-01,1.481710048181744677e-01,1.948192202079742641e-01,2.798849500551456870e-01,3.230884466178491898e-01,5.032538190191779975e-02,1.284090766353647162e-01,1.757662310264278549e-01,2.242164562704010988e-01,2.792042065147430918e-01,3.230884466178491898e-01,5.928137066567666646e-02,1.284090766353647162e-01,2.614780509227647709e-01,3.109135371616620347e-01,3.223266023401659686e-01,3.230884466178491898e-01
4.000000000000000000e+00,6.000000000000000000e+01,5.265789069344062323e-02,1.644749218511141198e-01,1.658140702087586016e-01,1.702215118869146449e-01,1.744244633964926461e-01,1.755006123776012839e-01,5.443514491338195815e-02,1.644749218511141198e-01,1.693630805895329772e-01,1.697601731215620802e-01,1.701627724983593715e-01,1.755006123776012839e-01,6.850161037995709801e-02,1.644749218511141198e-01,1.644996226656377236e-01,1.648494787616942292e-01,1.671206204877770662e-01,1.755006123776012839e-01
4.000000000000000000e+00,6.100000000000000000e+01,2.153339245249100420e-01,4.213763586617814694e-01,4.274033280737892238e-01,4.437162459967411987e-01,4.719666917577789444e-01,4.873656618953754460e-01,2.194401292191327513e-01,4.213763586617814694e-01,4.446821198979167833e-01,4.571938330801831318e-01,4.698122817752659053e-01,4.873656618953754460e-01,2.211439938675602845e-01,4.213763586617814694e-01,4.664819540621806260e-01,4.832388055570887575e-01,4.871074240910239217e-01,4.873656618953754460e-01
4.000000000000000000e+00,6.200000000000000000e+01,1.842197412596271733e-01,1.057430419104444796e-01,2.345763143649634841e-01,3.210004340128328471e-01,4.327210675925310390e-01,5.323215465380933820e-01,1.877191631622797952e-01,1.057430419104444796e-01,1.499235832980889138e-01,3.190322942242689308e-01,4.881410051504489478e-01,5.323215465380933820e-01,2.211229260951017572e-01,1.057430419104444796e-01,3.973217750292198369e-01,5.056440682297107525e-01,5.306522048263214719e-01,5.323215465380933820e-01
4.000000000000000000e+00,6.300000000000000000e+01,1.358234563472271728e-01,1.797745136375161756e-02,1.801458263678703056e-02,1.916330673018755426e-02,2.697644176646386491e-02,5.588614272516634340e-02,1.276692821894955254e-01,1.797745136375161756e-02,3.060064007812126827e-02,3.363778861840613366e-02,3.512949672415228292e-02,5.588614272516634340e-02,1.391669489074405242e-01,1.797745136375161756e-02,1.801458263678703056e-02,1.916330673018755426e-02,2.697644176646386491e-02,5.588614272516634340e-02
4.000000000000000000e+00,6.400000000000000000e+01,1.878323804875211070e-02,6.656998895125332272e-02,9.620515494636738829e-02,1.225732097320003655e-01,1.440477840160560852e-01,1.590025085064383781e-01,1.850516500110272258e-02,6.656998895125332272e-02,8.754906924652781919e-02,1.092204355757663004e-01,1.344222918078991080e-01,1.590025085064383781e-01,1.956301886119686875e-02,6.656998895125332272e-02,1.127221538009536839e-01,1.392466746494461227e-01,1.525409825376384254e-01,1.590025085064383781e-01
4.000000000000000000e+00,6.500000000000000000e+01,2.905357454555361207e-01,1.489563118800959485e-01,3.045982940447032328e-01,4.491813921515840358e-01,5.726051491485917300e-01,6.596639434531902380e-01,2.825295955355217048e-01,1.489563118800959485e-01,2.415055696403300423e-01,3.961113016502447182e-01,5.591026019654745660e-01,6.596639434531902380e-01,2.923271206225930841e-01,1.489563118800959485e-01,3.266153178415892033e-01,4.652791067883500498e-01,5.754924611789338229e-01,6.596639434531902380e-01
4.000000000000000000e+00,6.600000000000000000e+01,1.040353881549966053e-01,2.746550011674283587e-01,2.746755028977578839e-01,2.753097615606227011e-01,2.796237205080851496e-01,2.955859767010481365e-01,1.006454313952677426e-01,2.746550011674283587e-01,2.789179515268038756e-01,2.797551282747761103e-01,2.812520126807893650e-01,2.955859767010481365e-01,1.040353881549966053e-01,2.746550011674283587e-01,2.746755028977578839e-01,2.753097615606227011e-01,2.796237205080851496e-01,2.955859767010481365e-01
4.000000000000000000e+00,6.700000000000000000e+01,4.919156543152074235e-02,2.842401814071406907e-01,3.070703856445070601e-01,3.682034103689461046e-01,4.218632577878771439e-01,4.350820416535081669e-01,4.828093716707419769e-02,2.842401814071406907e-01,3.324028819716184913e-01,3.444863879704919141e-01,3.610179389953990792e-01,4.350820416535081669e-01,4.469226445315090113e-02,2.842401814071406907e-01,2.843879298547085654e-01,2.889587993027297741e-01,3.200479184704667635e-01,4.350820416535081669e-01
4.000000000000000000e+00,6.800000000000000000e+01,1.155198290998355887e-01,1.274237484307400026e-01,1.275145468750352173e-01,1.303235634284319877e-01,1.494293049871862900e-01,2.201232418631428045e-01,1.050883792748703999e-01,1.274237484307400026e-01,1.577289031627104876e-01,1.619026344049975807e-01,1.651312062015622972e-01,2.201232418631428045e-01,1.133099157441856686e-01,1.274237484307400026e-01,1.275145468750352173e-01,1.303235634284319877e-01,1.494293049871862900e-01,2.201232418631428045e-01
4.000000000000000000e+00,6.900000000000000000e+01,2.640411613273866975e-01,2.489417727098102162e-01,2.991794934093841563e-01,3.482475483713640685e-01,3.966774704338772439e-01,4.450007924350507515e-01,2.615369803350939271e-01,2.489417727098102162e-01,2.962919396407809880e-01,3.469674836407140583e-01,3.977708089230413413e-01,4.450007924350507515e-01,2.632899288473344868e-01,2.489417727098102162e-01,2.898780859435144963e-01,3.377611661224494410e-01,3.902493045263748517e-01,4.450007924350507515e-01
4.000000000000000000e+00,7.000000000000000000e+01,2.783554888663222759e-01,2.622523070102698028e-01,3.588015764784828199e-01,4.416342278460428372e-01,5.098818563559501804e-01,5.626760572512047309e-01,2.717757856010305506e-01,2.622523070102698028e-01,3.275653419829100965e-01,4.146285610013193401e-01,5.014337352605611198e-01,5.626760572512047309e-01,2.791963269270610892e-01,2.622523070102698028e-01,3.683153486523781939e-01,4.515999584905605602e-01,5.153166801488313631e-01,5.626760572512047309e-01
4.000000000000000000e+00,7.100000000000000000e+01,1.101766624952329465e-01,7.818230109653634408e-02,8.923489348943772215e-02,1.157690971640683991e-01,1.378138766926649272e-01,1.430925203445468918e-01,1.266812330940257914e-01,7.818230109653634408e-02,1.052536032627046786e-01,1.099195790582333937e-01,1.140415829124746816e-01,1.430925203445468918e-01,1.292009218186875863e-01,7.818230109653634408e-02,7.868978397798187530e-02,8.115969973136777371e-02,9.449651666192561417e-02,1.430925203445468918e-01
4.000000000000000000e+00,7.200000000000000000e+01,2.210270870588870729e-02,1.322534255665974712e-03,2.733963471237205872e-02,5.078173158265347070e-02,9.006342158375710283e-02,1.351921531465174464e-01,2.421653240952840666e-02,1.322534255665974712e-03,3.677861688820287245e-02,5.170566481463213793e-02,8.051728867741292373e-02,1.351921531465174464e-01,2.269882690717503482e-02,1.322534255665974712e-03,9.282628668538411842e-02,1.268201798394483215e-01,1.346682773854812054e-01,1.351921531465174464e-01
4.000000000000000000e+00,7.300000000000000000e+01,8.101951842876639609e-02,9.320779727657080294e-02,2.095591452403836041e-01,3.080284083265552586e-01,3.869023076851909049e-01,4.444675644663957925e-01,8.057381784798735291e-02,9.320779727657080294e-02,1.672987129021355768e-01,2.714584920792463829e-01,3.748996914588163532e-01,4.444675644663957925e-01,7.470054675492644736e-02,9.320779727657080294e-02,2.236052335747027719e-01,3.225837949470243826e-01,3.946892992815754786e-01,4.444675644663957925e-01
4.000000000000000000e+00,7.400000000000000000e+01,2.387762282296902738e-01,4.447750065478184300e-02,1.918854218780468301e-01,3.186319309441036918e-01,4.233426039822166809e-01,5.046430171216499394e-01,2.369636588410779232e-01,4.447750065478184300e-02,1.393603582199021695e-01,2.764768727192130626e-01,4.135760068811680790e-01,5.046430171216499394e-01,2.319469495025663908e-01,4.447750065478184300e-02,2.019920716147111661e-01,3.290198062799714607e-01,4.288177672493539427e-01,5.046430171216499394e-01
4.000000000000000000e+00,7.500000000000000000e+01,1.982299153550364651e-02,7.135028950125846814e-01,7.294148743097182974e-01,7.481827790883118778e-01,7.690253310551455890e-01,7.911612519170002633e-01,1.995183266423142601e-02,7.135028950125846814e-01,7.354761955797621820e-01,7.520522658035768693e-01,7.685363857440589141e-01,7.911612519170002633e-01,1.995669067750867332e-02,7.135028950125846814e-01,7.415415729020697899e-01,7.614772505830307292e-01,7.768403397048726511e-01,7.911612519170002633e-01
4.000000000000000000e+00,7.600000000000000000e+01,4.098289743408722874e-01,2.593050949061588284e-01,4.319893811427860664e-01,5.965681628722916408e-01,7.053496747475562767e-01,7.294992196193959000e-01,4.026931755906505983e-01,2.593050949061588284e-01,3.596505216869488319e-01,5.379185208407555319e-01,6.913867733265433024e-01,7.294992196193959000e-01,3.898493467475545038e-01,2.593050949061588284e-01,4.453043751806285422e-01,5.985648351753660723e-01,6.965218629108199666e-01,7.294992196193959000e-01
4.000000000000000000e+00,7.700000000000000000e+01,6.114248978198072448e-02,2.141429223799276027e-01,2.360947877768244663e-01,2.631960191937474658e-01,2.933332210608815549e-01,3.243929978084114651e-01,6.445085110183787491e-02,2.141429223799276027e-01,2.472162173304914001e-01,2.690367653164836836e-01,2.905769991298865484e-01,3.243929978084114651e-01,6.247743839629731760e-02,2.141429223799276027e-01,2.768493337909689878e-01,3.094437168993829368e-01,3.219502216051901566e-01,3.243929978084114651e-01
4.000000000000000000e+00,7.800000000000000000e+01,6.419587370257613668e-02,9.909815715454473040e-02,1.711885320464441029e-01,2.361546436680677374e-01,2.981239241986785027e-01,3.555833470049913902e-01,6.543679431344627540e-02,9.909815715454473040e-02,1.527697655190497772e-01,2.265387007364282335e-01,3.012187852655370257e-01,3.555833470049913902e-01,6.233816686797229861e-02,9.909815715454473040e-02,1.960482902604404054e-01,2.685059585142777205e-01,3.203810235508601778e-01,3.555833470049913902e-01
4.000000000000000000e+00,7.900000000000000000e+01,3.133549738921168615e-01,1.174646797735405812e-01,2.834636545863009616e-01,4.865485546045339449e-01,6.373951942337530152e-01,6.726228796318717285e-01,3.064304320254134240e-01,1.174646797735405812e-01,2.134955908771250244e-01,4.275990520580017495e-01,6.230561335840197890e-01,6.726228796318717285e-01,3.154594384780441407e-01,1.174646797735405812e-01,2.855954231434330026e-01,4.842589072549741136e-01,6.322325018710589495e-01,6.726228796318717285e-01
4.000000000000000000e+00,8.000000000000000000e+01,1.866673477522782787e-01,1.255417840714944111e-01,1.589666855190563222e-01,1.956386720672623203e-01,2.361510361448308504e-01,2.810970701804802463e-01,1.693546707036150956e-01,1.255417840714944111e-01,1.640728259352531859e-01,2.020858280157276921e-01,2.408818900465865553e-01,2.810970701804802463e-01,1.966447046848926739e-01,1.255417840714944111e-01,1.555332249932872835e-01,1.921998712068374304e-01,2.344262953799625404e-01,2.810970701804802463e-01
4.000000000000000000e+00,8.100000000000000000e+01,1.985044191851623452e-01,3.302295189515921381e-01,3.540133836693272751e-01,3.826451123902455120e-01,4.121426870251382879e-01,4.385240894847968196e-01,2.102424714798131200e-01,3.302295189515921381e-01,3.643546894973663242e-01,3.781961891570783107e-01,3.966112587205095630e-01,4.385240894847968196e-01,2.007474462885815158e-01,3.302295189515921381e-01,3.971211142932899452e-01,4.276805616426345713e-01,4.366175496138002821e-01,4.385240894847968196e-01
4.000000000000000000e+00,8.200000000000000000e+01,1.525908357789497183e-01,4.518368182665599697e-03,1.211913753078001366e-01,2.543303810636555751e-01,3.504182932095560310e-01,3.725944582308143849e-01,1.613205291050833490e-01,4.518368182665599697e-03,7.866172181499453409e-02,2.189570446959992756e-01,3.418745233107688408e-01,3.725944582308143849e-01,1.473588260252084170e-01,4.518368182665599697e-03,1.367145413550889255e-01,2.665280851453375455e-01,3.532690342833444408e-01,3.725944582308143849e-01
4.000000000000000000e+00,8.300000000000000000e+01,1.748604730335490964e-01,7.762541490077357054e-02,3.046886263410031326e-01,4.716032772988597022e-01,6.395921028546950327e-01,7.669816523558244947e-01,1.462965097799991676e-01,7.762541490077357054e-02,1.983662257120653027e-01,3.029568447663754660e-01,5.207901132829391155e-01,7.669816523558244947e-01,2.356038604695023242e-01,7.762541490077357054e-02,5.488203208891082596e-01,7.238705113303105509e-01,7.642839751194659970e-01,7.669816523558244947e-01
4.000000000000000000e+00,8.400000000000000000e+01,2.866029373431517868e-01,4.514273849197905086e-01,4.814770697638087738e-01,5.102773197627827884e-01,5.376943517449350729e-01,5.635943825384880368e-01,2.863163588342642063e-01,4.514273849197905086e-01,4.785047863222962605e-01,5.076901711342963752e-01,5.368383353087210486e-01,5.635943825384880368e-01,2.863729526819267512e-01,4.514273849197905086e-01,4.829361171121059892e-01,5.118366452229567987e-01,5.385742925868989284e-01,5.635943825384880368e-01
4.000000000000000000e+00,8.500000000000000000e+01,4.052696691124338391e-01,4.972416293365311546e-02,7.713374792170579752e-02,1.414675956864775708e-01,2.094318648553055995e-01,2.793440595959938433e-01,3.720399557369266086e-01,4.972416293365311546e-02,1.146276007372293432e-01,1.556816282751666836e-01,2.017446978809863678e-01,2.793440595959938433e-01,4.066345683911273823e-01,4.972416293365311546e-02,7.721492366961647813e-02,1.214607760185614782e-01,1.744365252530205579e-01,2.793440595959938433e-01
4.000000000000000000e+00,8.600000000000000000e+01,7.888234145638800543e-02,2.917237943615174078e-01,2.922974478126152409e-01,2.936164384722315113e-01,2.946858537554007396e-01,2.949385227363857664e-01,8.242165530653597361e-02,2.917237943615174078e-01,2.932992457888911053e-01,2.933800405962652125e-01,2.934349269463085719e-01,2.949385227363857664e-01,8.548901890062497733e-02,2.917237943615174078e-01,2.920204402698609036e-01,2.924504113847588016e-01,2.930855792803665483e-01,2.949385227363857664e-01
4.000000000000000000e+00,8.700000000000000000e+01,1.135347473012642272e-01,4.936473341865732500e-02,7.082056262717786876e-02,1.264502295166441415e-01,1.745376340991507957e-01,1.862931911713935351e-01,1.021102923424349884e-01,4.936473341865732500e-02,9.237109766445800174e-02,1.051000229258998581e-01,1.243677170156847755e-01,1.862931911713935351e-01,1.203438011829605497e-01,4.936473341865732500e-02,5.246575024146090532e-02,5.997675595480053690e-02,8.792127930659539292e-02,1.862931911713935351e-01
4.000000000000000000e+00,8.800000000000000000e+01,8.430886570184928375e-02,1.383608238548172942e-02,5.967436610210864745e-02,1.181913318061190432e-01,1.624558768188030244e-01,1.729672066065337521e-01,8.616085082921740024e-02,1.383608238548172942e-02,4.010796949153976054e-02,1.016263007784118239e-01,1.584159947807973479e-01,1.729672066065337521e-01,9.881231962360859100e-02,1.383608238548172942e-02,5.969158643883060861e-02,1.182267496591438288e-01,1.624897488713609728e-01,1.729672066065337521e-01
4.000000000000000000e+00,8.900000000000000000e+01,1.063964469427457343e-01,1.950537522596710316e-01,2.176338008206974983e-01,2.436572094432720714e-01,2.867874668416606765e-01,3.395671228860407398e-01,1.161636921460654226e-01,1.950537522596710316e-01,2.401245380463978563e-01,2.668217872436266513e-01,2.932078663396751050e-01,3.395671228860407398e-01,1.110748459786012193e-01,1.950537522596710316e-01,2.938328165323572660e-01,3.305295078437136547e-01,3.390015946306826344e-01,3.395671228860407398e-01
4.000000000000000000e+00,9.000000000000000000e+01,2.101430381762925403e-01,7.813928886590659761e-02,2.678540672185441562e-01,4.173238808225933072e-01,5.466377448234174263e-01,6.485757960800029309e-01,2.003416248109982367e-01,7.813928886590659761e-02,1.897955151300060317e-01,3.353257960418452033e-01,5.095181672482215207e-01,6.485757960800029309e-01,2.191588395429888980e-01,7.813928886590659761e-02,3.232176047208970560e-01,4.890600556013442457e-01,5.920512499175967225e-01,6.485757960800029309e-01
4.000000000000000000e+00,9.100000000000000000e+01,2.696768706086401513e-01,1.661730326434851523e-01,2.961162763212694116e-01,4.422286466223460666e-01,5.514758696333487142e-01,5.860715431857199675e-01,2.746472909873174939e-01,1.661730326434851523e-01,2.437200929721988207e-01,3.984800240243129288e-01,5.409029468371210347e-01,5.860715431857199675e-01,2.562614868723264716e-01,1.661730326434851523e-01,3.061396005133598663e-01,4.527840773698220689e-01,5.567385961660968885e-01,5.860715431857199675e-01
4.000000000000000000e+00,9.200000000000000000e+01,1.098897093385832885e-01,3.080228332718770723e-02,1.462417644237301029e-01,2.647156987897444358e-01,3.606110646722071600e-01,4.139041753282408642e-01,1.003902052315489568e-01,3.080228332718770723e-02,1.051640907625202431e-01,2.515858856978754332e-01,3.813385267774133114e-01,4.139041753282408642e-01,1.098596745498085503e-01,3.080228332718770723e-02,1.583355419191794511e-01,2.821259295104717735e-01,3.733234802871754909e-01,4.139041753282408642e-01
4.000000000000000000e+00,9.300000000000000000e+01,1.828790153088966919e-01,2.500018440870650505e-01,3.807124789008463628e-01,4.851872824392972072e-01,5.599292574832474001e-01,6.014414068135267577e-01,1.795479413754210718e-01,2.500018440870650505e-01,3.405316623829613976e-01,4.714697505068519701e-01,5.761895439393088791e-01,6.014414068135267577e-01,1.866554081595710457e-01,2.500018440870650505e-01,4.060019441917662730e-01,5.082510919536814553e-01,5.692355064639038620e-01,6.014414068135267577e-01
4.000000000000000000e+00,9.400000000000000000e+01,1.274072667415551974e-01,4.467053735771286949e-02,1.492772628076479147e-01,2.371120809913610794e-01,4.099098609671633087e-01,5.856509622860026631e-01,1.268564712575876163e-01,4.467053735771286949e-02,1.453851345703515707e-01,2.177270852841620141e-01,3.759953073673364399e-01,5.856509622860026631e-01,1.802903958119102534e-01,4.467053735771286949e-02,4.144462884362485888e-01,5.518189867065452781e-01,5.835339283079938877e-01,5.856509622860026631e-01
4.000000000000000000e+00,9.500000000000000000e+01,3.217957956994081381e-01,1.082987841635359993e-01,2.502011825529906752e-01,3.836430159530285211e-01,4.926302605134935120e-01,5.596629192924846841e-01,3.287699883079384655e-01,1.082987841635359993e-01,1.912723278442641506e-01,3.346118446114937361e-01,4.804892663572241096e-01,5.596629192924846841e-01,2.886540285501941749e-01,1.082987841635359993e-01,2.667895391271595251e-01,4.089415905879054680e-01,5.111490422116693466e-01,5.596629192924846841e-01
4.000000000000000000e+00,9.600000000000000000e+01,4.513194736212278735e-01,6.564362951668130108e-01,6.564394847054885185e-01,6.565381589394638784e-01,6.572092993108376024e-01,6.596926132875758908e-01,4.504131726429029259e-01,6.564362951668130108e-01,6.567735505510974292e-01,6.580644542271945063e-01,6.593553579032913614e-01,6.596926132875758908e-01,4.539433107288050606e-01,6.564362951668130108e-01,6.564394847054885185e-01,6.565381589394638784e-01,6.572092993108376024e-01,6.596926132875758908e-01
4.000000000000000000e+00,9.700000000000000000e+01,1.607256705024209809e-01,2.135109729729733896e-02,2.183546250609622735e-02,3.682018939174853955e-02,1.387399587357874831e-01,5.158574717232976559e-01,1.679611472662214666e-01,2.135109729729733896e-02,1.286640959976458054e-01,1.675620803023066263e-01,2.610460093250802083e-01,5.158574717232976559e-01,1.607256705024209809e-01,2.135109729729733896e-02,2.183546250609622735e-02,3.682018939174853955e-02,1.387399587357874831e-01,5.158574717232976559e-01
4.000000000000000000e+00,9.800000000000000000e+01,3.231343043547245386e-02,1.031057135311145290e-01,1.085896846449140307e-01,1.295805384616215417e-01,1.505713922783290526e-01,1.560553633921285543e-01,4.184975927866758927e-02,1.031057135311145290e-01,1.085896846449140307e-01,1.295805384616215417e-01,1.505713922783290526e-01,1.560553633921285543e-01,3.257574435613264791e-02,1.031057135311145290e-01,1.392983290944176389e-01,1.527439843135304787e-01,1.558481540316525582e-01,1.560553633921285543e-01
4.000000000000000000e+00,9.900000000000000000e+01,4.049383739442944941e-01,2.979431237406070521e-01,3.760880148608497509e-01,4.674693034786150392e-01,5.812768524597811126e-01,7.267005246702260557e-01,4.078791459375253337e-01,2.979431237406070521e-01,3.996979375789132538e-01,5.055061119863215602e-01,6.161075205122870102e-01,7.267005246702260557e-01,3.996747791397450844e-01,2.979431237406070521e-01,3.409597329698187962e-01,4.369204211021871509e-01,5.657982505920479133e-01,7.267005246702260557e-01
